{"cameraMode":{"drawMode":0,"name":"Shaded","section":"Shading Mode"},"sceneLighting":true,"audioPlay":false,"sceneViewState":{"showFog":true,"showMaterialUpdate":false,"showSkybox":false,"showFlares":true,"showImageEffects":true,"showParticleSystems":true},"in2DMode":false,"pivot":{"x":1.640376091003418,"y":4.052206039428711,"z":-0.194779634475708},"rotation":{"x":0.21262145042419434,"y":-0.37774592638015749,"z":0.08956875652074814,"w":0.896725058555603},"size":6.09246826171875,"orthographic":false}