{"cameraMode":{"drawMode":0,"name":"Shaded","section":"Shading Mode"},"sceneLighting":true,"audioPlay":false,"sceneViewState":{"showFog":true,"showMaterialUpdate":false,"showSkybox":false,"showFlares":true,"showImageEffects":true,"showParticleSystems":true},"in2DMode":false,"pivot":{"x":1.640376091003418,"y":4.052206039428711,"z":-0.194779634475708},"rotation":{"x":0.2153656929731369,"y":-0.23574528098106385,"z":0.05366254597902298,"w":0.9461495876312256},"size":6.09246826171875,"orthographic":false}